<?xml version="1.0" encoding="UTF-8" standalone="yes"?>
<addon id="repository.illuminatiwizard" name="[COLORdeepskyblue]Ill[COLORcyan]umi[COLORaquamarine]nati [COLORgreenyellow]Bui[COLORyellow]lds [COLORgold]Re[COLORdeeppink]po[/COLOR]" version="0.0.3" provider-name="illuminati">
	<extension point="xbmc.addon.repository" name="Wizard Repository">
		<dir>
			<info compressed="false">https://raw.githubusercontent.com/noobsandnerds/modules4all/master/zips/addons.xml</info>
			<checksum>https://raw.githubusercontent.com/noobsandnerds/modules4all/master/zips/addons.xml.md5</checksum>
			<datadir zip="true">https://raw.githubusercontent.com/noobsandnerds/modules4all/master/zips/</datadir>
		</dir>
		<info compressed="false">https://raw.githubusercontent.com/skeletor601/repository.illuminatiwizard/master/zips/addons.xml</info>
		<checksum>https://raw.githubusercontent.com/skeletor601/repository.illuminatiwizard/master/zips/addons.xml.md5</checksum>
		<datadir zip="true">https://raw.githubusercontent.com/skeletor601/repository.illuminatiwizard/master/zips/</datadir>
	</extension>
	<extension point="xbmc.addon.metadata">
		<summary lang="en">Repository For Team Illuminati Wizards and Builds</summary>
		<description lang="en">Repository For Team Illuminati Wizards and Builds</description>
		<genre></genre>
	</extension>
</addon>