<?xml version="1.0" encoding="UTF-8" standalone="yes"?>
<addon id="repository.illuminatiwizard" name="[COLORcyan]I[COLORgrey]lluminati [COLORcyan]W[COLORgrey]izard[/COLOR]" version="0.0.1" provider-name="illuminati">
	<extension point="xbmc.addon.repository" name="Wizard Repository">
		<dir>
			<info compressed="false">https://raw.githubusercontent.com/noobsandnerds/modules4all/master/zips/addons.xml</info>
			<checksum>https://raw.githubusercontent.com/noobsandnerds/modules4all/master/zips/addons.xml.md5</checksum>
			<datadir zip="true">https://raw.githubusercontent.com/noobsandnerds/modules4all/master/zips/</datadir>
		</dir>
		<info compressed="false">https://raw.githubusercontent.com/skeletor601/repository.illuminatiwizard/master/zips/addons.xml</info>
		<checksum>https://raw.githubusercontent.com/skeletor601/repository.illuminatiwizard/master/zips/addons.xml.md5</checksum>
		<datadir zip="true">https://raw.githubusercontent.com/skeletor601/repository.illuminatiwizard/master/zips/</datadir>
	</extension>
	<extension point="xbmc.addon.metadata">
		<summary lang="en">Wiz Repo</summary>
		<description lang="en">Wiz Repo</description>
		<genre></genre>
	</extension>
</addon>