<?xml version="1.0" encoding="UTF-8" standalone="yes"?>
<addon id="plugin.program.illuminati" name="[B][COLORcyan]I[COLORgrey]lluminati [COLORcyan]W[COLORgrey]izard[/COLOR][/B]" version="1.1.7" provider-name="illuminati">
  <requires>
    <import addon="xbmc.python" version="2.1.0"/>
  </requires>
  <extension point="xbmc.python.pluginsource" library="default.py">
    <provides>executable</provides>
  </extension>
  <extension point="xbmc.service" library="startup.py" start="startup" />
  <extension point="xbmc.addon.metadata">
    <summary lang="en">illuminati-wizard</summary>
    <description lang="en">Illuminati Wizard allows you to get access to the latest Illuminati Wizards Custom Builds.</description>
    <platform>all</platform>
  </extension>
</addon>