<?xml version="1.0" encoding="UTF-8" standalone="yes"?>
<addon id="plugin.program.EleKta" name="[B][COLORcyan]E[COLORgrey]leKta [COLORcyan]W[COLORgrey]izard[/COLOR][/B]" version="0.0.5" provider-name="EleKta">
  <requires>
    <import addon="xbmc.python" version="2.1.0"/>
  </requires>
  <extension point="xbmc.python.pluginsource" library="default.py">
    <provides>executable</provides>
  </extension>
  <extension point="xbmc.service" library="startup.py" start="startup" />
  <extension point="xbmc.addon.metadata">
    <summary lang="en">EleKta Wizard</summary>
    <description lang="en">EleKta Wizard allows you to get access to the latest EleKta Wizards Custom Builds and APKs.</description>
    <platform>all</platform>
  </extension>
</addon>